,locus1,locus2,locus3,locus4,locus5,locus6,locus7,locus8,locus9,locus10,locus11,locus12,locus13,locus14,locus15,locus16,locus17,locus18,locus19,locus20,locus21,locus22,locus23,locus24,locus25,locus26,locus27,locus28,locus29,locus30,locus31,locus32,locus33,locus34,locus35,locus36,locus37,locus38,locus39,locus40,locus41,locus42,locus43,locus44,locus45,locus46,locus47,locus48,locus49,locus50,locus51,locus52,locus53,locus54,locus55,locus56,locus57,locus58,locus59,locus60,locus61,locus62,locus63,locus64,locus65,locus66,locus67,locus68,locus69,locus70,locus71,locus72,locus73,locus74,locus75,locus76,locus77,locus78,locus79,locus80,locus81,locus82,locus83,locus84,locus85,locus86,locus87,locus88,locus89,locus90,locus91,locus92,locus93,locus94,locus95,locus96,locus97,locus98,locus99,locus100
strain1,99,35,5,3,1,11,14,166,4,1,20,57,60,123,45,34,33,67,25,48,4,46,157,52,31,1,90,16,4,46,35,88,76,78,9,52,13,12,10,30,84,136,45,9,53,26,100,20,38,10,8,33,71,91,9,52,3,73,25,33,9,11,30,58,103,30,16,2,54,5,11,177,94,37,16,37,8,27,25,24,40,170,33,30,22,16,30,21,11,40,74,14,51,46,31,37,48,100,36,2
strain2,18,61,5,2,2,21,36,88,10,2,35,5,24,47,49,36,5,5,52,46,29,4,138,53,2,40,75,28,59,7,95,13,27,31,28,74,76,11,25,61,40,1,40,12,59,34,49,78,46,11,37,98,9,64,33,62,117,45,26,25,31,40,27,8,12,16,56,2,124,16,25,232,59,78,25,84,9,1,34,4,67,105,54,20,39,94,61,17,50,32,45,14,11,65,27,23,13,29,54,17
strain3,14,15,5,3,3,11,14,60,77,1,35,57,60,52,37,28,21,67,25,7,10,46,27,52,19,1,90,16,4,11,106,19,76,89,9,52,13,12,10,30,46,68,47,9,53,21,100,20,89,10,32,33,48,91,9,52,19,7,209,51,9,27,16,58,31,7,16,2,86,5,11,8,71,37,109,37,14,27,8,17,40,45,33,30,22,16,30,21,10,40,18,14,51,98,36,34,15,29,36,2
strain4,53,25,3,14,1,37,23,22,75,1,7,51,69,53,16,40,53,33,28,76,28,4,27,56,78,27,106,14,45,39,35,13,23,46,28,69,49,19,19,60,10,44,77,12,10,10,4,27,50,4,37,40,15,41,13,39,97,7,77,32,25,49,30,18,27,30,30,2,80,16,37,1,66,71,35,44,24,67,34,5,33,76,62,13,64,48,13,18,50,26,38,9,15,52,55,25,23,53,11,5
strain5,14,15,5,3,3,11,14,60,77,1,20,51,81,52,5,28,21,67,25,7,37,46,27,52,19,1,90,16,27,11,107,19,76,38,9,52,13,12,10,30,46,68,16,9,53,21,100,20,38,76,8,33,6,91,9,52,19,28,10,40,25,22,16,58,31,7,16,2,54,5,11,8,88,37,16,37,14,27,8,17,40,45,33,30,22,111,30,21,10,40,55,14,51,75,36,34,58,62,36,2
strain6,44,15,3,14,1,32,23,96,69,1,32,51,72,11,37,33,55,65,49,76,29,16,50,53,21,27,106,5,68,40,35,8,69,72,28,36,3,18,25,51,10,26,64,12,36,20,80,80,24,49,3,17,10,26,13,72,94,47,28,13,25,35,30,32,27,30,62,2,98,16,31,26,59,60,14,44,22,45,34,4,18,76,41,9,64,25,61,18,54,26,59,14,5,81,48,25,56,29,11,12
strain7,36,29,5,26,1,29,16,89,22,2,6,59,18,59,41,8,6,6,5,31,35,4,41,135,78,30,55,16,6,22,95,30,59,28,28,49,78,30,19,66,36,51,14,20,57,17,21,59,48,94,19,1,17,23,24,68,37,40,73,45,39,29,35,34,19,21,1,2,47,16,5,90,47,41,26,78,19,54,2,13,6,87,24,32,53,102,49,10,50,40,35,14,52,62,30,41,34,54,33,5
strain8,54,37,5,18,2,37,1,68,75,2,19,56,5,51,16,36,5,48,23,58,29,6,60,53,19,27,73,28,144,7,200,45,66,14,28,66,66,42,25,18,16,43,77,20,174,28,66,22,16,67,20,41,19,11,13,28,213,64,68,15,98,41,29,23,44,7,30,2,30,13,37,55,42,78,2,64,29,21,20,3,14,94,68,20,20,90,72,47,20,25,156,9,19,146,64,24,11,53,26,5
strain9,53,25,3,14,1,37,23,22,79,2,35,51,83,67,16,40,6,33,28,9,28,4,68,56,42,27,106,14,45,39,53,13,50,46,28,69,49,19,19,50,10,28,77,12,47,10,4,27,50,4,37,42,19,50,13,72,97,7,77,32,25,78,30,18,27,30,30,2,98,16,31,1,69,71,35,44,24,69,34,5,43,76,62,13,64,105,61,1,50,26,38,9,58,52,55,25,23,29,11,12
strain10,67,79,5,5,2,10,14,103,85,1,33,47,92,9,65,17,10,70,67,82,30,69,76,53,19,6,108,59,72,46,131,54,91,88,9,81,89,58,10,80,27,79,86,4,87,1,23,22,87,104,43,91,47,105,30,79,104,79,91,49,50,95,29,81,31,49,70,2,80,9,34,85,100,84,3,91,34,64,3,2,14,119,85,17,82,271,24,55,30,55,77,14,43,72,75,24,68,73,60,5
strain11,17,61,5,4,1,13,14,31,73,2,30,5,76,14,36,41,21,3,56,15,21,4,26,53,78,40,42,28,51,7,35,18,52,46,28,1,73,36,24,23,34,6,48,12,19,25,12,22,39,42,37,4,15,16,33,28,45,7,65,41,8,16,37,1,32,10,14,2,19,16,34,77,76,47,16,54,29,74,20,36,31,62,41,13,57,70,3,29,29,37,30,14,5,50,60,23,35,29,54,5
strain12,19,14,5,5,2,3,1,60,16,1,30,56,2,77,23,17,55,35,32,33,30,68,105,58,78,6,67,37,21,46,35,53,31,87,28,13,49,17,25,46,27,3,85,12,52,1,6,63,73,25,22,27,29,11,13,59,74,61,90,44,5,48,30,80,31,3,53,2,103,12,6,105,66,60,3,90,29,9,49,10,51,78,76,28,40,32,24,18,30,41,50,14,37,80,26,30,41,12,41,5
strain13,63,1,5,5,2,8,23,47,16,1,30,62,50,3,19,10,53,13,30,67,5,4,12,53,1,7,77,6,60,51,103,7,41,51,20,83,28,18,25,60,2,39,7,4,10,5,91,80,73,97,18,63,10,51,13,21,79,72,37,23,36,74,30,25,13,30,47,2,103,6,36,47,33,32,25,82,22,57,3,2,18,60,23,28,76,169,24,16,50,41,31,14,37,38,48,25,17,53,38,5
strain14,44,15,3,14,1,32,23,96,69,1,32,51,72,11,37,33,55,65,49,76,29,16,50,53,21,27,106,5,68,40,35,8,69,72,28,36,3,18,25,51,10,26,64,12,36,20,80,80,24,49,3,17,10,26,13,72,94,47,28,13,25,35,30,32,27,30,62,2,98,16,31,26,59,60,14,44,22,45,34,4,18,76,41,9,64,25,61,18,54,26,59,14,5,81,48,25,56,29,11,12
strain15,37,66,3,14,2,37,21,22,55,2,32,62,81,53,49,40,53,64,28,76,29,4,12,53,2,22,81,14,45,39,36,13,21,52,20,29,49,18,25,50,10,28,48,12,10,5,80,80,64,74,37,57,10,50,13,72,97,72,77,32,25,38,30,18,13,30,3,2,96,16,31,1,33,32,35,82,22,67,3,25,18,76,23,13,64,170,61,18,50,26,38,9,39,52,48,25,14,29,11,5
strain16,53,15,3,14,1,2,23,22,68,2,6,51,83,53,16,40,4,31,52,76,28,24,2,53,32,27,106,14,45,39,74,13,50,46,28,43,74,31,19,61,10,61,77,10,47,21,60,80,50,4,37,40,40,57,13,77,23,72,68,32,25,70,30,18,27,43,30,2,98,16,31,1,59,74,35,44,22,67,34,5,43,76,62,13,45,178,59,18,50,26,66,9,58,76,55,25,23,29,11,20
strain17,34,67,5,3,3,11,14,60,76,1,20,57,88,52,18,28,52,67,25,78,20,46,27,52,78,1,90,16,4,46,35,19,76,54,9,52,16,12,10,16,46,68,59,9,85,28,1,20,38,10,32,33,45,91,9,52,3,62,56,6,25,41,29,58,31,26,16,2,54,12,11,72,88,37,16,37,14,27,3,18,33,93,33,30,22,56,74,21,11,43,18,14,19,64,31,34,58,62,36,2
strain18,18,85,5,18,2,13,42,109,95,2,33,70,2,82,2,36,5,3,40,29,29,75,60,62,32,27,45,28,83,7,141,6,95,14,28,74,94,62,25,134,40,85,77,12,19,34,116,63,48,113,22,95,19,112,21,84,173,45,94,41,31,142,29,87,63,10,76,2,121,16,34,34,76,90,50,95,22,87,11,21,63,124,92,20,71,274,78,1,42,10,9,16,5,50,81,25,72,75,26,5
strain19,17,15,5,30,2,21,9,49,36,1,30,23,3,55,2,36,15,26,19,14,22,64,37,40,78,27,84,34,65,7,78,2,39,14,28,1,63,31,28,62,44,20,77,8,51,2,5,63,39,14,30,67,31,31,13,19,40,65,68,41,10,27,22,49,63,38,37,2,27,16,25,34,64,56,7,46,29,17,11,4,36,46,41,20,71,2,3,50,50,35,45,14,20,50,38,25,33,70,24,5
strain20,17,21,5,37,2,30,14,69,53,2,30,25,43,6,60,17,71,31,52,37,29,24,62,53,42,27,55,28,45,48,154,17,31,40,25,74,55,46,25,56,45,18,83,5,94,34,96,19,2,3,22,103,31,107,21,64,147,25,84,25,10,13,29,63,22,10,48,2,69,6,1,266,76,74,7,57,38,92,52,31,50,94,46,20,10,286,55,48,16,23,9,14,38,76,44,24,53,29,45,9
strain21,17,61,5,4,1,13,14,31,73,2,30,5,76,14,36,41,21,3,56,15,21,4,26,53,78,40,42,28,51,7,35,18,52,46,28,1,73,36,24,23,34,6,48,12,19,25,12,22,39,42,37,4,15,16,33,28,120,7,65,41,8,16,37,1,32,10,14,2,19,16,34,77,76,47,16,54,29,74,20,36,31,62,41,13,57,70,3,29,29,37,30,14,5,50,60,23,35,29,54,5
strain22,53,25,5,14,1,37,23,22,75,2,35,51,83,53,16,40,6,33,28,76,28,4,68,56,2,27,106,14,45,39,13,13,50,20,28,69,49,7,19,18,10,28,68,12,47,10,4,27,50,46,37,65,19,50,13,72,66,7,77,32,25,78,30,18,4,2,30,2,8,16,31,1,75,71,35,44,24,67,34,35,43,76,62,13,64,48,61,18,50,26,38,9,58,52,48,25,23,29,11,12
strain23,37,51,3,14,2,13,23,22,75,2,32,51,65,53,30,40,53,3,28,23,29,8,1,53,3,27,106,14,45,39,118,37,23,46,20,70,64,18,57,50,10,28,70,20,10,20,28,80,36,74,20,30,15,50,13,72,97,72,45,32,25,38,30,18,15,30,64,2,51,16,36,91,35,71,35,43,29,67,34,5,18,47,1,13,64,177,61,18,50,26,26,9,39,54,15,33,1,29,11,17
strain24,37,65,3,14,1,37,23,22,56,2,7,51,81,53,49,40,52,64,28,76,29,4,49,53,2,27,106,14,45,39,99,13,21,52,20,29,49,18,19,50,10,28,48,12,10,5,80,80,64,74,20,65,40,50,13,72,97,72,43,32,25,71,30,18,13,30,3,2,98,16,31,1,89,71,35,40,22,67,34,21,18,76,59,13,64,170,8,18,50,26,52,9,39,53,48,40,14,29,11,17
strain25,142,168,5,30,2,21,14,49,190,2,19,9,187,55,2,36,75,26,122,29,22,155,37,151,78,27,73,61,171,7,140,2,52,7,68,1,12,126,35,45,44,53,67,8,209,25,249,63,230,42,37,207,16,16,103,28,267,65,64,36,114,59,29,49,22,37,37,2,98,16,34,49,80,56,38,54,29,74,11,25,83,46,41,20,98,376,3,127,50,35,60,14,63,50,181,25,55,29,149,5
strain26,61,10,5,30,2,21,14,88,40,2,3,32,55,25,49,36,3,48,52,50,29,37,158,42,19,27,113,28,17,12,71,42,26,11,28,34,66,4,15,56,34,5,11,12,21,14,59,22,61,37,37,55,19,3,13,63,68,64,56,41,10,44,29,22,23,20,12,2,107,10,25,55,42,74,38,44,29,21,19,21,40,46,8,20,39,88,29,10,42,19,60,14,61,77,47,22,53,1,26,17
strain27,53,25,3,14,1,37,23,22,61,2,35,51,113,53,16,40,6,33,28,3,28,4,68,56,42,27,106,14,99,39,81,13,50,46,28,69,49,36,19,50,10,28,77,12,47,10,4,27,50,4,37,40,16,50,13,72,87,7,113,32,71,78,30,18,27,30,30,2,144,16,31,1,93,71,35,44,24,67,34,5,80,58,62,13,64,48,61,18,50,26,38,9,58,52,55,25,23,144,11,12
strain28,14,35,5,3,3,11,14,60,77,1,35,57,19,52,37,28,21,67,48,25,10,2,27,52,19,1,90,16,4,11,52,43,76,8,9,24,50,12,10,30,46,68,6,9,53,26,100,20,38,10,32,33,6,91,9,52,19,7,25,40,9,46,16,58,25,7,16,2,98,5,11,8,71,37,16,37,14,27,8,17,40,45,33,30,22,16,30,21,10,40,49,14,36,85,36,34,15,29,36,2
strain29,89,36,5,5,1,37,17,46,58,2,32,38,43,33,49,14,5,88,34,27,38,16,68,53,32,27,48,11,109,51,53,36,50,24,16,74,82,6,25,7,10,28,46,12,47,27,22,73,46,12,5,17,35,26,13,72,152,72,122,13,10,82,30,25,60,14,3,2,98,16,27,1,83,104,25,48,22,82,13,4,24,56,41,9,3,35,21,62,26,26,48,14,107,52,1,25,95,29,11,5
strain30,15,35,5,3,1,11,14,14,62,1,20,57,60,52,45,34,21,67,25,48,4,46,27,52,31,1,90,16,4,46,35,19,76,78,9,52,13,12,1,30,46,68,45,9,53,26,100,20,38,10,32,33,6,91,9,52,33,73,25,33,9,11,4,58,31,30,16,2,54,12,11,100,94,37,16,37,8,27,25,17,40,45,33,30,22,16,74,21,11,47,18,14,51,46,31,34,48,62,36,2
strain31,53,25,3,14,1,37,23,22,75,1,7,51,69,53,16,40,53,33,28,76,28,4,27,56,78,27,106,14,45,39,35,13,23,46,28,69,49,19,19,60,10,44,77,12,10,10,4,27,50,4,37,40,15,41,13,39,97,7,77,32,25,49,30,18,27,30,30,2,4,16,37,1,66,71,35,44,24,67,34,5,33,76,62,13,64,48,13,18,50,26,38,9,15,52,55,25,23,53,11,5
strain32,14,46,5,11,2,11,14,60,77,1,20,57,81,52,22,28,21,67,25,11,10,46,27,52,19,1,90,16,4,11,8,19,76,7,9,52,23,12,10,69,46,68,47,9,53,21,100,20,38,10,32,33,6,91,9,40,19,7,25,40,25,43,16,58,51,7,44,2,54,5,11,99,43,37,25,37,14,27,8,17,40,45,33,30,22,16,30,21,10,40,18,14,51,75,36,29,25,62,36,2
strain33,64,30,5,33,1,29,23,17,72,2,7,17,25,54,53,32,11,58,46,53,35,4,36,57,78,40,63,9,11,34,73,37,35,32,29,22,57,30,19,43,4,59,67,20,11,17,64,22,23,9,19,38,10,37,1,49,12,41,6,41,31,63,30,9,64,28,15,2,47,16,33,3,38,42,26,67,2,66,27,13,34,79,79,25,9,29,65,6,50,40,13,14,47,57,13,25,65,52,37,7
strain34,37,51,3,14,1,37,23,22,75,1,32,51,40,53,30,40,53,64,28,23,29,4,94,53,4,27,106,11,45,39,89,13,42,19,20,70,64,18,57,50,28,28,48,12,50,20,25,80,50,74,20,65,31,50,13,72,79,72,75,32,33,38,30,18,13,30,64,2,51,16,31,39,35,71,35,43,29,67,34,23,18,110,1,13,64,170,61,18,50,26,26,9,39,52,48,33,1,29,11,12
strain35,53,25,3,14,1,37,23,22,75,2,35,51,83,47,16,40,2,33,28,3,28,4,68,56,42,27,106,14,45,39,53,13,50,33,28,69,49,19,19,50,10,28,61,12,47,10,4,27,50,4,37,40,19,56,13,72,97,7,77,32,25,78,30,18,27,30,30,2,98,16,31,1,78,71,35,44,24,31,34,5,11,76,62,13,64,48,61,18,26,26,38,9,58,52,55,22,23,29,21,12
strain36,63,14,5,37,1,8,12,119,50,1,32,58,63,9,54,36,53,66,3,12,7,57,37,39,19,40,45,28,26,39,95,23,45,40,15,90,50,3,25,13,39,54,77,19,60,10,123,59,62,25,16,45,13,84,33,74,79,72,64,32,7,54,11,94,29,30,3,2,29,16,8,85,83,76,14,42,28,29,3,12,40,43,72,20,5,43,61,25,50,48,91,14,30,38,56,25,2,53,26,5
strain37,37,66,3,14,2,37,23,22,55,2,32,62,81,53,49,40,53,64,28,76,29,4,12,53,2,27,81,14,45,39,36,13,21,52,20,29,49,18,25,50,10,28,48,12,10,5,80,80,64,74,37,57,10,50,13,72,97,72,77,32,25,38,30,18,13,30,3,2,96,16,43,1,33,32,35,82,22,67,3,25,18,76,23,13,79,170,61,18,50,26,38,9,39,52,48,25,14,29,11,5
strain38,44,108,3,5,1,37,14,245,10,2,32,140,43,55,49,32,5,65,124,80,29,16,68,153,39,51,184,42,45,134,108,13,214,10,28,109,72,36,30,51,10,188,31,12,211,34,22,159,234,139,98,128,16,26,13,72,271,20,77,25,10,123,30,113,27,10,98,2,98,16,31,77,29,34,65,44,22,48,34,4,40,155,115,20,174,380,24,1,43,26,111,14,5,52,108,22,56,53,26,17
strain39,63,1,5,5,2,8,23,47,16,1,7,62,50,3,19,10,53,13,30,67,5,4,12,15,1,7,77,6,60,51,36,7,41,51,4,70,28,18,25,60,2,39,7,4,10,5,91,16,73,97,18,63,10,51,7,21,79,72,37,23,36,74,30,25,13,30,47,2,6,6,36,47,33,32,25,82,29,57,3,2,18,60,23,28,76,98,24,16,50,41,31,14,37,38,48,25,17,53,38,5
strain40,63,1,5,5,1,8,23,47,16,1,7,62,50,3,19,10,53,13,30,67,5,4,12,15,1,7,77,6,60,51,163,7,41,51,4,23,28,18,25,71,63,39,7,4,10,5,130,16,73,97,18,63,10,51,7,21,79,20,37,23,36,74,30,25,13,30,47,2,130,6,36,1,33,32,25,82,29,182,3,2,18,60,23,28,76,98,24,16,50,41,31,14,37,38,48,25,17,53,38,5
strain41,44,15,3,14,1,32,23,96,69,1,32,51,72,11,37,33,55,65,49,76,29,16,50,53,21,27,106,5,68,40,74,8,69,51,28,36,3,18,25,51,10,26,64,12,36,20,80,80,24,49,3,17,10,26,13,72,94,47,28,13,25,35,30,32,27,30,62,2,98,16,31,26,59,60,14,44,22,45,34,4,18,76,41,9,64,25,61,18,54,26,59,14,5,81,48,25,56,29,11,12
strain42,37,66,3,14,2,37,23,22,55,1,32,62,81,53,49,40,20,64,28,76,29,4,12,53,21,27,81,14,45,39,124,13,21,52,20,29,49,18,25,50,10,28,48,12,10,5,80,80,64,74,37,57,10,50,13,72,97,72,77,32,25,38,30,18,13,30,3,2,44,16,31,1,33,32,35,82,22,67,3,25,18,76,23,13,64,170,61,18,50,26,15,9,39,52,48,25,14,29,11,5
strain43,17,61,5,4,1,21,14,31,73,2,30,5,76,14,36,41,21,22,56,15,21,4,26,53,78,40,42,28,51,7,35,18,52,46,28,1,73,36,24,23,34,6,48,20,19,25,12,22,39,42,37,4,19,16,33,28,45,7,65,41,8,16,37,1,32,10,14,2,19,16,34,77,76,47,16,54,29,74,20,36,31,62,41,13,57,70,3,29,29,37,30,14,5,73,60,23,35,29,54,5
strain44,17,21,5,37,2,30,14,69,53,2,57,25,43,6,60,17,71,31,52,37,29,24,62,53,42,27,55,28,45,48,154,17,31,40,25,74,55,46,25,56,45,18,83,5,94,34,96,19,2,3,22,103,31,107,21,64,147,25,84,25,10,13,29,63,22,10,48,2,69,6,1,303,76,74,7,57,38,92,52,31,50,94,46,20,10,286,55,48,16,23,9,14,38,76,44,24,53,29,45,9
strain45,29,65,3,14,1,37,23,22,75,2,7,51,81,53,49,40,52,64,28,76,29,4,49,53,2,27,106,14,45,39,100,13,21,52,20,29,49,18,19,50,10,28,48,12,10,5,80,80,64,74,20,65,40,50,13,72,97,72,75,32,25,71,36,18,13,30,3,2,98,16,31,1,89,71,35,40,22,67,34,5,18,76,59,13,64,170,8,18,50,26,52,9,39,52,48,40,14,29,11,17
strain46,53,25,3,14,1,37,23,22,75,2,35,51,83,47,16,40,2,33,28,3,28,4,68,56,42,27,106,14,45,39,53,13,50,33,28,69,49,19,19,50,10,28,61,12,47,10,4,27,50,4,37,40,19,56,13,72,97,7,77,32,25,78,30,18,27,30,30,2,98,16,31,1,78,71,35,44,24,31,34,5,11,76,62,13,64,48,61,18,26,26,38,9,58,52,55,22,23,29,21,12
strain47,72,89,3,33,1,32,23,96,69,1,32,51,96,11,60,40,59,65,61,152,29,4,111,4,42,33,106,14,45,39,43,89,33,45,28,85,3,23,25,36,36,28,48,12,91,3,80,80,38,74,28,49,16,120,21,46,23,7,97,13,55,105,43,97,80,2,3,2,70,16,34,26,106,71,44,44,22,45,34,4,66,66,64,32,92,216,61,52,50,26,87,19,83,42,37,25,56,29,11,20
strain48,44,15,3,14,1,32,23,96,69,2,32,51,72,11,37,14,53,65,49,76,29,16,50,53,21,53,106,5,68,51,35,8,69,72,28,36,3,18,25,51,10,26,64,12,36,20,80,80,64,49,3,49,10,26,13,72,60,47,28,13,25,38,30,32,27,30,62,2,98,16,31,26,59,60,14,44,22,45,34,4,18,76,41,9,64,25,61,18,30,26,38,14,5,81,48,25,56,29,11,12
strain49,61,10,5,30,2,21,14,88,40,2,3,32,55,25,49,36,3,48,52,50,29,37,69,42,19,27,84,28,17,12,71,42,26,11,28,34,66,4,15,56,34,5,11,12,21,14,59,22,61,37,37,55,19,3,13,63,68,64,56,41,10,44,29,22,23,20,12,2,107,10,25,55,42,74,38,44,29,21,19,21,40,46,8,20,39,88,29,10,42,19,60,14,61,77,47,22,53,1,26,17
strain50,44,15,3,14,1,18,23,96,69,2,32,51,72,11,37,14,53,65,49,76,29,16,50,53,21,27,106,5,68,51,35,8,69,72,28,36,3,18,25,51,10,26,64,12,36,20,80,80,24,49,3,17,10,26,13,72,60,47,28,13,25,35,30,32,27,30,62,2,31,16,31,26,59,60,14,44,22,45,34,4,18,76,41,9,64,25,61,18,30,26,38,14,5,110,48,25,56,29,11,12
strain51,17,61,5,4,1,13,14,31,73,2,30,5,76,14,36,41,21,3,56,15,21,4,26,53,78,40,42,28,51,7,35,18,52,46,28,1,73,36,24,23,34,6,48,12,19,25,12,22,39,42,37,4,15,16,33,28,45,7,65,41,8,16,37,1,32,10,14,2,19,16,34,77,76,47,16,54,29,74,20,36,31,62,41,13,57,70,3,29,29,37,30,14,5,50,60,23,35,29,54,5
strain52,44,15,3,14,1,37,23,96,69,2,32,51,72,11,37,14,53,64,49,76,29,16,50,53,21,27,106,5,68,51,35,8,69,72,28,36,3,18,25,51,10,26,64,12,36,20,80,80,64,49,3,17,10,26,13,72,60,20,28,13,25,38,30,32,27,30,62,2,98,16,31,26,59,60,14,44,22,45,34,4,18,76,41,9,64,25,61,18,30,26,38,14,5,52,48,25,56,29,11,12
strain53,63,1,5,5,2,8,23,47,16,1,30,62,50,3,19,10,53,13,30,67,5,4,12,53,1,7,77,6,60,51,103,7,41,51,20,83,28,18,25,60,2,39,7,4,10,5,91,80,73,97,18,63,10,51,13,21,79,72,37,23,36,74,30,25,13,30,47,2,103,6,36,47,33,32,25,82,22,57,3,2,18,60,23,28,76,98,24,16,50,41,31,14,37,38,48,25,17,53,38,5
strain54,37,66,3,14,2,37,23,22,75,2,32,51,81,53,49,40,53,64,28,76,29,4,49,53,3,27,106,14,45,39,76,13,23,52,20,70,49,15,19,50,2,28,48,12,10,5,80,80,57,74,20,65,10,50,13,72,97,42,75,23,25,38,30,18,13,30,3,2,31,16,31,47,43,71,35,44,22,67,34,5,18,60,59,24,64,171,61,18,50,26,52,9,39,52,48,25,56,53,11,12
strain55,63,14,5,37,1,8,12,119,50,1,32,58,63,9,54,36,53,66,3,12,7,57,37,39,19,40,45,28,26,39,95,23,45,40,15,90,50,3,25,13,39,54,77,19,60,10,123,59,62,25,16,45,13,84,33,74,79,72,64,32,7,54,11,94,29,30,3,2,29,16,8,85,83,76,14,42,28,29,3,12,40,43,72,20,5,43,61,25,50,48,91,14,30,38,56,25,2,53,26,5
strain56,63,42,5,9,1,17,28,60,16,2,6,19,68,40,58,29,53,13,32,49,30,20,69,3,19,6,99,24,1,51,15,13,31,5,9,20,1,18,13,16,31,74,56,4,16,1,62,16,71,52,22,44,19,49,38,39,13,20,3,7,10,54,1,59,58,18,53,2,80,23,13,85,45,33,3,57,33,16,49,2,3,50,28,28,40,15,24,14,50,41,22,14,37,72,41,28,63,55,18,5
strain57,53,25,5,14,1,37,23,22,75,2,35,51,83,53,16,40,6,33,28,76,28,4,68,56,2,27,106,14,45,39,13,13,50,20,28,69,49,7,19,18,10,28,68,12,47,10,4,27,50,46,37,65,19,50,13,72,66,7,77,32,25,78,30,18,4,2,30,2,8,16,31,1,75,71,35,44,24,67,34,35,43,76,62,13,64,48,61,18,50,26,38,9,58,52,48,25,23,29,11,12
strain58,44,15,3,14,1,32,23,96,69,2,32,51,72,11,37,14,53,65,49,76,29,16,50,53,21,53,106,5,68,51,35,8,69,72,28,36,3,18,25,51,10,26,64,12,36,20,80,80,64,49,3,49,10,26,13,72,60,47,28,13,25,38,30,32,27,30,62,2,98,16,31,26,59,60,14,44,22,45,34,4,18,76,41,9,64,25,61,18,30,26,38,14,5,81,48,25,56,29,11,12
strain59,88,110,5,54,3,55,14,148,50,1,20,87,123,110,88,55,51,87,85,115,67,98,144,82,37,6,130,31,107,76,205,78,127,115,28,111,116,76,5,117,72,92,103,12,122,43,160,31,130,142,56,133,63,151,3,114,150,86,120,58,36,126,55,116,90,47,99,2,69,12,25,151,128,103,16,114,43,118,86,31,88,157,111,50,110,201,89,82,77,62,112,14,106,119,112,48,93,96,85,5
strain60,72,89,5,33,1,18,23,115,98,2,7,72,96,84,53,33,59,73,61,91,35,73,111,65,78,40,114,19,85,40,149,89,33,32,15,85,96,57,19,76,36,89,67,20,91,3,118,97,94,116,28,97,51,116,49,46,161,18,97,41,55,105,43,90,80,2,78,2,85,16,58,168,106,86,44,96,28,89,2,44,66,126,84,32,89,186,86,6,50,40,87,14,83,97,86,25,73,53,52,3
strain61,37,65,3,14,1,37,23,22,56,2,7,51,81,53,49,40,52,64,28,76,29,4,49,53,2,27,106,14,45,39,103,13,21,52,20,29,49,18,19,50,10,28,48,12,10,5,80,80,64,74,20,65,40,50,13,72,97,72,75,32,25,71,30,18,13,30,3,2,6,16,31,1,89,71,35,40,22,67,34,21,18,76,59,13,64,170,8,18,50,26,52,9,39,52,48,40,14,53,11,12
strain62,18,39,5,30,1,21,14,111,91,2,33,5,20,47,49,36,10,5,52,88,14,31,26,64,78,40,65,28,59,7,145,6,27,31,40,74,6,23,24,61,40,1,40,12,36,34,49,22,74,11,22,62,16,146,33,62,50,45,26,25,31,59,27,13,12,14,56,2,122,17,25,16,29,78,7,46,9,1,83,21,27,105,4,20,71,94,78,17,5,24,9,14,11,65,27,24,22,29,54,17
strain63,17,81,5,37,2,30,14,69,86,1,6,25,43,6,60,17,10,31,52,29,29,24,62,53,2,27,55,28,45,62,35,17,92,40,25,74,55,46,25,56,53,18,143,5,32,34,96,19,50,226,22,40,35,107,21,64,107,25,84,25,10,13,29,63,22,10,71,2,133,6,1,77,76,74,7,57,29,25,52,31,50,94,46,20,10,266,55,48,16,23,50,14,38,76,44,24,53,29,45,9
strain64,14,35,5,3,3,11,14,60,77,1,35,57,19,52,37,28,21,67,48,25,10,2,27,52,19,1,90,16,4,11,52,43,76,8,9,24,50,12,10,30,46,68,6,9,53,26,100,20,38,10,32,33,6,91,9,52,19,7,25,40,9,46,16,58,25,7,16,2,98,5,11,8,71,37,16,37,14,27,8,17,40,45,33,30,22,16,30,21,10,40,49,14,36,85,36,34,15,29,36,2
strain65,37,36,3,14,1,32,23,96,69,2,32,51,63,11,60,40,5,65,9,76,29,4,68,4,2,33,106,14,45,39,43,61,12,45,28,91,3,23,25,36,1,28,48,12,36,34,80,80,50,74,37,49,16,120,21,72,23,7,67,13,7,40,30,25,13,30,3,2,70,16,34,26,89,71,22,44,22,45,34,4,18,129,64,6,92,260,61,52,50,26,38,19,39,42,37,40,56,29,11,20
strain66,103,127,26,14,3,33,51,220,142,2,6,72,172,84,53,17,58,6,61,137,22,73,168,65,78,40,55,79,125,62,186,30,33,109,15,78,22,57,41,87,36,89,67,20,184,3,180,97,204,25,28,97,43,183,75,46,116,18,143,41,94,105,30,170,19,2,78,2,124,16,86,239,106,49,75,78,28,89,2,12,42,177,126,32,64,204,86,48,123,40,136,14,11,133,132,25,73,53,102,3
strain67,90,112,5,37,1,8,14,150,47,2,32,90,63,3,90,56,53,66,86,117,7,100,37,39,78,40,132,28,110,77,206,7,113,29,36,37,117,77,42,71,39,118,7,19,123,1,81,54,133,144,25,45,64,153,60,74,79,72,64,41,7,127,56,118,29,8,101,2,157,6,8,153,45,105,25,115,45,120,3,12,40,43,21,28,102,43,108,25,26,75,24,14,109,38,36,25,97,53,87,5
strain68,17,61,5,4,1,13,14,31,73,2,30,5,76,14,36,41,21,3,56,15,21,4,26,53,78,40,42,28,51,7,35,18,52,46,28,1,73,36,24,23,34,6,48,12,19,25,12,22,39,42,37,4,15,16,33,28,120,7,65,41,8,16,37,1,32,10,14,2,19,16,34,77,76,47,16,54,29,74,20,36,31,62,41,13,57,70,3,29,29,37,30,14,5,50,60,23,35,29,54,5
strain69,14,12,5,3,3,11,14,60,76,1,20,57,53,52,18,28,53,67,42,54,20,46,27,52,78,1,90,16,4,46,35,19,76,52,9,52,13,12,10,1,46,68,48,9,52,1,1,20,38,30,32,33,25,91,9,52,3,62,25,33,2,10,30,58,31,3,16,2,54,12,11,100,88,60,16,37,14,27,4,18,40,93,32,30,22,33,74,21,11,47,56,14,49,64,31,34,58,62,15,2
strain70,37,66,3,14,2,37,23,22,55,2,32,62,81,53,49,40,53,64,28,76,29,4,12,53,2,27,81,14,45,39,36,13,21,52,20,29,49,18,25,50,10,28,48,12,10,5,80,80,64,74,37,57,10,50,13,72,97,72,77,32,25,38,30,79,13,30,3,2,96,16,31,1,59,32,35,82,22,67,3,25,18,76,23,13,64,170,61,18,50,26,38,9,39,52,48,25,14,29,11,5
strain71,17,61,5,4,1,21,14,31,73,2,30,43,76,14,36,41,10,22,56,15,21,4,26,53,78,40,42,28,51,7,50,18,52,46,28,1,73,36,24,23,34,6,48,20,19,25,12,22,39,42,37,4,6,16,33,28,45,7,79,36,8,16,37,1,32,10,14,2,19,16,34,77,72,47,16,54,29,74,20,36,31,62,41,13,57,70,3,29,29,37,30,14,5,73,44,25,35,29,54,5
strain72,81,96,5,52,2,37,14,88,55,1,35,80,108,55,78,36,10,48,79,100,29,64,129,53,78,48,55,52,94,12,39,68,32,14,28,99,106,23,35,101,10,103,77,12,59,24,142,44,64,125,37,116,35,134,21,102,60,84,77,56,10,113,30,39,22,37,87,2,139,17,34,199,119,97,7,105,29,48,11,25,74,143,104,20,102,296,99,69,16,67,60,14,5,50,99,23,33,29,73,20
strain73,53,25,26,14,2,37,23,22,16,2,32,51,83,53,110,40,55,65,28,76,28,4,69,53,28,27,106,14,45,39,19,13,123,142,28,128,49,58,19,50,10,155,48,20,157,34,80,133,50,81,22,65,16,50,13,141,198,72,161,32,25,148,30,18,2,18,130,2,75,16,31,1,66,71,35,44,58,143,34,2,14,76,136,13,64,170,61,18,50,26,22,9,15,58,48,30,65,53,83,12
strain74,37,66,3,14,2,37,23,22,55,2,32,62,81,53,49,40,53,64,28,76,29,4,49,53,2,27,81,14,45,39,74,13,21,52,20,29,49,18,25,50,10,28,48,12,10,5,80,80,64,74,20,57,10,42,13,72,97,72,77,32,25,38,30,18,13,30,3,2,63,16,31,1,33,71,35,82,22,67,3,25,18,76,59,13,64,170,61,18,50,26,52,9,9,52,48,25,14,29,11,5
strain75,37,51,3,14,2,13,23,22,75,2,32,51,65,53,30,40,53,3,28,23,29,8,38,53,3,27,106,14,45,39,118,37,23,46,20,70,64,18,57,50,10,28,70,20,10,20,28,80,36,74,20,30,15,50,13,72,97,72,45,32,25,38,30,18,15,30,64,2,51,16,36,91,35,71,35,43,29,67,34,5,18,47,3,13,64,177,61,18,50,26,26,9,39,54,15,33,1,29,11,17
strain76,129,9,43,43,1,11,2,123,63,1,97,41,36,17,48,1,34,45,43,172,32,144,23,116,78,3,57,63,156,124,3,49,197,170,37,168,11,32,12,28,21,177,138,45,188,26,39,103,35,62,39,15,94,24,10,170,112,108,66,12,15,20,6,40,65,95,35,2,104,19,23,46,62,50,37,31,21,81,37,37,132,44,51,4,62,276,148,28,127,114,14,14,24,83,169,38,50,36,5,5
strain77,37,65,3,14,1,37,23,22,56,2,7,51,81,53,49,40,52,64,28,76,29,4,49,53,2,27,106,14,45,39,99,13,21,52,20,29,49,18,19,50,10,28,48,12,10,5,80,80,64,74,20,65,40,50,13,72,97,72,75,32,25,71,30,18,13,30,3,2,102,16,31,1,89,71,35,40,22,67,34,21,18,76,59,13,64,170,8,18,50,26,52,9,39,53,48,40,14,29,11,17
strain78,18,61,5,30,1,21,14,88,8,1,33,5,20,93,49,36,10,5,52,63,14,16,26,53,78,40,75,28,59,7,177,6,32,104,28,74,6,11,24,98,40,1,40,12,19,34,49,22,61,11,37,62,19,8,33,62,16,7,11,25,31,37,27,8,12,10,56,2,79,16,25,16,29,78,7,46,9,1,20,21,27,105,54,20,71,94,79,17,34,40,98,14,11,55,98,24,22,85,54,17
strain79,54,37,5,18,2,37,1,68,75,1,19,56,5,51,16,36,5,48,23,58,29,24,60,53,19,27,73,28,34,7,16,45,66,14,28,56,66,42,25,18,16,43,49,20,51,28,66,22,16,67,20,41,19,11,13,28,66,64,148,15,10,41,29,23,44,35,30,2,30,13,37,34,42,78,2,64,29,21,20,3,14,94,68,20,20,266,72,47,20,25,52,14,19,58,64,24,11,53,26,5
strain80,37,36,3,14,1,32,23,96,69,2,32,51,63,11,60,40,5,65,9,76,29,4,68,4,2,33,106,14,45,39,43,61,12,45,28,91,3,23,25,36,1,28,48,12,36,34,80,80,50,74,37,49,16,120,21,72,23,7,67,13,7,40,30,25,13,30,3,2,70,16,34,26,89,71,22,44,22,45,34,4,18,129,64,6,92,260,61,52,50,26,38,19,39,42,37,40,56,29,11,20
strain81,18,85,5,18,2,13,42,109,91,2,6,70,2,82,2,36,63,3,40,29,29,75,60,62,32,27,45,28,83,7,141,6,95,14,28,74,94,23,25,61,40,85,88,12,19,34,116,63,48,113,22,95,9,112,21,84,50,45,94,41,31,102,29,87,63,10,76,2,121,16,25,34,76,90,50,95,22,87,11,21,43,124,92,20,71,274,78,1,42,10,9,16,5,50,81,25,72,75,26,17
strain82,37,65,3,14,1,37,23,22,56,2,7,51,81,53,49,40,52,64,28,76,29,4,49,53,2,27,106,14,45,39,99,13,21,52,20,29,49,18,19,50,10,28,48,12,67,5,80,80,64,74,20,65,40,50,13,72,97,72,75,32,25,71,30,18,13,30,3,2,98,16,31,1,89,71,35,40,22,67,34,21,18,76,59,13,64,170,8,18,50,26,52,9,39,53,48,40,14,29,11,17
strain83,53,20,3,14,1,32,23,96,118,1,32,51,72,53,37,14,53,65,49,76,29,14,74,53,20,27,106,5,45,51,188,8,23,72,28,36,3,18,25,51,10,26,64,12,36,20,67,80,24,74,3,17,16,26,13,72,60,20,17,13,25,35,30,18,27,30,62,2,98,16,31,26,59,60,14,44,22,67,34,5,18,76,109,13,64,304,61,18,30,26,38,14,5,114,48,25,56,29,11,14
strain84,69,32,3,18,2,28,23,87,89,1,32,68,55,79,25,40,14,66,84,84,29,72,37,47,78,4,109,60,104,39,135,77,93,91,28,32,91,59,57,85,54,47,17,24,89,34,63,86,91,72,44,87,19,109,38,72,23,7,77,36,10,98,42,84,36,4,73,2,154,35,1,48,104,87,53,43,22,48,13,25,52,120,86,20,84,381,62,1,63,57,80,14,43,38,78,25,70,29,26,5
strain85,7,30,8,33,1,29,4,62,22,2,21,42,32,65,39,32,11,58,5,10,36,47,36,150,78,40,52,16,28,34,55,37,18,35,29,25,45,39,19,55,36,59,67,20,24,17,79,22,84,69,6,59,22,93,24,23,17,40,54,41,32,87,30,9,6,8,53,2,47,16,40,59,87,42,33,67,17,24,13,13,42,91,17,32,64,367,51,6,50,40,34,14,66,86,23,25,32,40,4,3
strain86,37,49,3,14,1,37,23,43,8,2,32,51,81,53,72,40,2,64,38,76,29,4,49,53,2,27,106,14,45,39,81,62,23,52,20,33,49,23,19,50,10,28,48,12,10,24,23,80,17,74,20,106,19,50,13,93,60,7,75,32,25,16,30,24,13,30,7,2,53,16,31,1,113,71,35,44,22,67,34,21,18,76,62,13,64,170,61,18,50,26,52,9,39,52,48,25,53,53,11,12
strain87,51,40,5,27,1,40,8,93,4,1,9,34,46,19,22,15,38,16,48,60,4,36,48,7,31,6,58,30,37,46,105,43,19,21,35,9,51,34,13,20,20,64,9,22,69,26,76,35,13,40,8,47,25,80,8,10,75,43,59,37,2,11,19,16,11,39,44,2,100,24,9,81,82,69,27,60,8,32,25,38,8,116,73,16,12,47,17,49,46,2,74,14,2,41,52,37,52,7,10,10
strain88,71,84,5,5,1,17,28,108,16,1,6,19,95,40,58,29,53,13,32,74,30,20,69,3,19,6,84,24,1,51,39,13,31,5,9,20,1,18,13,16,55,74,56,4,16,1,62,16,73,112,22,44,19,49,38,39,42,7,3,7,25,54,1,59,58,18,53,2,19,12,13,218,45,60,3,57,33,9,49,2,3,50,32,28,40,169,24,57,50,41,22,14,37,72,41,28,63,55,18,5
strain89,18,61,5,30,1,21,14,88,8,2,19,5,20,47,49,36,10,5,52,63,14,141,26,136,78,40,164,28,59,7,292,6,27,31,28,74,6,11,24,170,40,1,40,12,59,34,49,22,209,11,37,62,19,229,13,166,23,7,11,25,31,16,27,8,132,16,56,2,79,16,25,16,171,78,7,46,9,1,20,21,27,105,150,20,71,277,79,17,42,40,45,14,11,65,27,24,22,120,54,5
strain90,31,66,5,14,1,37,23,22,35,2,37,51,81,53,64,29,52,37,28,23,29,4,75,53,5,27,68,14,45,51,19,13,23,52,20,70,49,18,19,200,10,28,48,14,10,20,80,80,50,74,20,65,19,50,13,72,145,72,75,32,12,38,30,18,13,30,3,2,6,16,31,1,35,71,35,99,22,67,66,21,18,76,62,13,64,172,16,47,50,26,52,14,39,52,48,28,56,29,11,14
strain91,53,25,3,14,1,37,23,22,75,1,7,51,69,53,16,40,53,33,28,76,28,4,27,56,78,27,106,14,45,39,35,13,23,46,28,69,49,19,19,60,10,44,77,12,10,10,4,27,50,4,37,40,15,41,13,39,97,7,77,32,25,49,30,18,27,30,30,2,4,16,37,1,66,71,35,44,24,67,34,5,33,76,62,13,64,48,13,18,50,26,38,9,15,52,55,25,23,53,11,5
strain92,53,36,3,14,1,32,23,96,94,2,6,51,26,29,147,39,51,65,9,76,29,16,68,56,21,33,106,14,45,7,11,1,23,29,28,29,3,12,25,36,1,28,7,12,36,34,80,27,50,21,37,49,19,75,13,72,3,72,78,13,23,40,30,38,27,14,62,2,31,16,56,26,59,91,35,44,24,22,34,3,18,76,80,6,64,260,61,18,50,26,38,10,55,70,37,25,56,29,46,5
strain93,17,61,5,4,1,21,14,31,73,2,30,5,76,14,36,41,21,22,56,15,21,4,26,53,78,40,42,28,51,7,35,18,52,46,28,1,73,36,24,23,34,6,48,20,19,25,12,22,39,42,37,4,15,16,33,28,45,7,65,41,8,16,37,1,32,10,14,2,19,16,34,77,76,47,16,54,29,74,20,36,31,62,41,13,57,269,3,29,29,37,30,14,5,73,60,23,35,29,54,5
strain94,14,35,5,3,3,11,14,60,77,1,35,57,19,52,37,28,21,67,48,25,10,2,27,52,19,1,60,16,4,11,52,43,76,8,9,24,50,12,10,30,46,68,6,9,53,26,100,20,38,10,32,33,6,91,9,52,19,7,25,40,9,46,16,58,25,7,16,2,98,5,11,8,71,37,16,37,14,27,8,17,40,45,33,30,22,16,30,21,10,40,49,14,36,85,36,34,15,29,36,2
strain95,18,85,5,18,2,13,42,109,91,2,33,70,2,82,2,36,63,3,40,29,29,75,60,62,32,27,45,42,83,7,141,6,95,14,28,74,94,23,25,61,40,85,88,12,19,34,116,63,48,113,22,95,9,112,21,84,50,45,94,41,31,102,29,87,63,10,76,2,121,16,25,34,76,90,50,95,22,87,11,21,43,124,92,20,71,274,78,1,42,10,9,16,5,50,81,25,72,75,26,17
strain96,16,66,3,14,1,37,23,22,75,2,6,51,81,53,49,40,14,64,28,76,29,53,49,53,17,27,106,1,53,39,152,13,23,52,20,70,49,18,19,50,27,28,48,12,10,20,80,80,95,74,20,100,10,50,13,72,97,7,75,32,25,38,30,18,13,30,3,2,31,16,31,1,70,71,35,44,22,67,34,5,12,76,59,13,64,170,61,18,50,26,52,14,39,52,48,25,56,29,11,12
strain97,17,61,5,4,1,13,14,31,73,2,30,5,76,14,36,41,21,3,56,15,21,4,26,53,78,40,42,28,51,7,35,18,52,46,28,1,73,36,24,23,34,6,48,12,19,25,12,22,39,42,37,4,15,16,33,28,45,7,65,41,8,16,37,1,32,38,14,2,19,16,34,77,76,47,16,54,29,74,20,36,31,62,41,13,57,70,3,29,29,37,30,14,5,50,60,23,35,29,54,5
strain98,37,65,3,14,1,37,23,22,56,2,7,51,81,53,49,40,52,64,28,76,29,4,49,53,2,27,106,14,45,39,99,13,21,52,20,29,49,18,19,50,10,28,48,12,10,5,80,80,64,74,20,65,40,50,13,72,97,72,75,32,25,71,30,18,13,30,3,2,102,16,31,1,89,71,35,40,22,67,34,21,18,76,59,13,64,170,8,18,50,26,52,9,39,53,48,40,14,29,11,17
strain99,17,21,5,37,2,30,14,69,53,2,30,25,43,6,60,17,10,31,52,37,29,24,62,53,42,27,55,28,45,48,154,17,31,40,25,74,55,46,25,56,45,18,83,5,94,34,96,19,2,3,22,103,31,107,21,64,107,25,84,25,10,13,29,63,22,10,48,2,69,6,1,77,76,74,7,57,38,92,52,31,50,94,46,20,10,89,55,48,16,23,9,14,38,76,44,24,53,29,45,9
strain100,14,15,5,3,3,11,14,60,77,1,35,57,19,52,37,28,21,67,48,25,10,46,27,52,19,1,90,16,4,11,52,19,76,68,9,52,13,12,10,30,46,68,6,9,53,21,100,20,38,10,32,33,6,91,9,52,19,7,25,40,9,46,16,58,31,7,16,2,98,5,11,8,71,37,16,37,14,27,8,17,40,45,33,30,22,16,30,21,10,40,49,14,36,85,36,34,15,29,36,2
